epoch,time,train/box_loss,train/cls_loss,train/dfl_loss,metrics/precision(B),metrics/recall(B),metrics/mAP50(B),metrics/mAP50-95(B),val/box_loss,val/cls_loss,val/dfl_loss,lr/pg0,lr/pg1,lr/pg2
1,96.7753,2.25292,5.39332,1.50283,9e-05,0.01961,0.00141,0.00113,1.78337,5.25744,1.07428,0.00012861,0.00012861,0.00012861
2,161.277,1.50831,3.59444,0.99334,0.00045,0.09598,0.02582,0.02091,1.27804,4.74666,0.92589,0.000266134,0.000266134,0.000266134
3,227.349,1.40654,2.90983,0.9783,0.00146,0.28764,0.02186,0.00971,1.30579,4.70961,0.90839,0.000397999,0.000397999,0.000397999
4,292.107,1.34612,2.66287,0.96194,0.00111,0.23088,0.03665,0.01996,1.31525,4.4553,0.92118,0.000524206,0.000524206,0.000524206
5,350.917,1.2354,2.36385,0.96562,0.00078,0.15212,0.01829,0.01415,1.36635,4.38656,0.9375,0.000644753,0.000644753,0.000644753
6,410.327,1.39222,2.27614,0.99455,0.00069,0.13904,0.03939,0.03291,1.34161,4.19011,0.9558,0.000759642,0.000759642,0.000759642
7,469.796,1.30583,2.21216,0.95237,0.00271,0.57327,0.115,0.0923,1.22973,3.97037,0.92907,0.000868872,0.000868872,0.000868872
8,530.537,1.26105,2.0889,0.96659,0.004,0.83479,0.07092,0.04662,1.28205,3.90527,0.93484,0.000972443,0.000972443,0.000972443
9,591.222,1.29264,2.0065,0.9463,0.45236,0.14556,0.44578,0.28131,1.32897,3.57698,0.94555,0.00107036,0.00107036,0.00107036
10,650.352,1.20769,1.86003,0.94556,0.61303,0.20269,0.62817,0.3982,1.30096,3.00422,0.95097,0.00116261,0.00116261,0.00116261
11,707.303,1.30235,1.91185,0.95361,0.61592,0.3274,0.61751,0.36411,1.39891,2.90604,0.95621,0.00114606,0.00114606,0.00114606
12,765.606,1.17547,1.70889,0.92415,0.57053,0.50257,0.59907,0.38272,1.38633,2.78227,0.96637,0.00111776,0.00111776,0.00111776
13,823.784,1.24539,1.74073,0.93898,0.44845,0.6586,0.52209,0.34422,1.37085,2.54296,0.95961,0.00108947,0.00108947,0.00108947
14,880.038,1.20699,1.64073,0.9427,0.62655,0.69345,0.66314,0.44516,1.37876,2.47242,0.95967,0.00106118,0.00106118,0.00106118
15,936.73,1.16535,1.60521,0.93601,0.67261,0.73897,0.7323,0.48377,1.3374,2.24011,0.95326,0.00103288,0.00103288,0.00103288
16,993.958,1.22009,1.54903,0.92689,0.5941,0.723,0.72302,0.46755,1.33835,2.18989,0.94532,0.00100459,0.00100459,0.00100459
17,1051.19,1.17518,1.44851,0.92037,0.58066,0.76288,0.73123,0.4691,1.27028,2.04024,0.92851,0.000976293,0.000976293,0.000976293
18,1109.32,1.13904,1.40363,0.91555,0.59705,0.723,0.70209,0.43735,1.31763,2.07385,0.9344,0.000947999,0.000947999,0.000947999
19,1169.93,1.08481,1.38885,0.93065,0.70925,0.76063,0.80981,0.52584,1.272,1.8084,0.92774,0.000919704,0.000919704,0.000919704
20,1228.86,1.09239,1.33552,0.91883,0.73611,0.71775,0.81998,0.51508,1.28348,1.85025,0.929,0.00089141,0.00089141,0.00089141
21,1288.48,1.09086,1.37884,0.91593,0.76802,0.78613,0.84406,0.55551,1.27312,1.71335,0.92915,0.000863116,0.000863116,0.000863116
22,1347.78,1.13321,1.24366,0.92161,0.77581,0.8185,0.89466,0.58732,1.25336,1.61168,0.92082,0.000834822,0.000834822,0.000834822
23,1406.64,1.09985,1.19496,0.91833,0.94181,0.68695,0.88475,0.57475,1.26825,1.57252,0.92447,0.000806528,0.000806528,0.000806528
24,1464.49,1.0712,1.20358,0.91221,0.80592,0.77891,0.87975,0.58557,1.21074,1.62769,0.92122,0.000778233,0.000778233,0.000778233
25,1521.31,1.08774,1.12975,0.91589,0.76385,0.77357,0.8242,0.53415,1.24549,1.64602,0.92582,0.000749939,0.000749939,0.000749939
26,1577.79,1.05296,1.05801,0.90006,0.80507,0.80784,0.8617,0.55562,1.26866,1.51372,0.92078,0.000721645,0.000721645,0.000721645
27,1633.46,1.10404,1.20118,0.90405,0.85129,0.78873,0.86354,0.58338,1.23135,1.52883,0.90943,0.000693351,0.000693351,0.000693351
28,1689.96,1.10883,1.16369,0.94933,0.78508,0.7603,0.83197,0.5533,1.30622,1.51248,0.9172,0.000665057,0.000665057,0.000665057
29,1748.15,1.10817,1.11436,0.91091,0.65945,0.88086,0.76543,0.51106,1.28664,1.59264,0.91437,0.000636762,0.000636762,0.000636762
30,1807.69,1.0571,1.05723,0.9186,0.70103,0.87875,0.87806,0.6026,1.23625,1.44334,0.90824,0.000608468,0.000608468,0.000608468
31,1864.45,1.09912,1.13337,0.90046,0.89684,0.72361,0.9149,0.62958,1.24038,1.34433,0.91266,0.000580174,0.000580174,0.000580174
32,1928.49,1.02026,1.02662,0.90441,0.74587,0.91829,0.91172,0.6141,1.25973,1.32533,0.92549,0.00055188,0.00055188,0.00055188
33,1989.91,1.00151,0.96116,0.89113,0.74891,0.92209,0.92364,0.63854,1.19777,1.36583,0.90972,0.000523586,0.000523586,0.000523586
34,2050.8,1.00477,0.95928,0.89754,0.81549,0.80148,0.91221,0.61015,1.27176,1.34976,0.91371,0.000495291,0.000495291,0.000495291
35,2114.3,1.0889,1.03688,0.88873,0.81549,0.90761,0.92544,0.62674,1.23572,1.28374,0.90566,0.000466997,0.000466997,0.000466997
36,2174.08,1.04304,0.93934,0.88401,0.834,0.87486,0.92002,0.65555,1.18234,1.20079,0.89426,0.000438703,0.000438703,0.000438703
37,2242.36,1.01827,0.909,0.88731,0.79081,0.9063,0.90541,0.64726,1.20079,1.22013,0.89385,0.000410409,0.000410409,0.000410409
38,2307.89,1.03807,0.90214,0.89973,0.73898,0.87307,0.89747,0.6278,1.24515,1.31163,0.89773,0.000382115,0.000382115,0.000382115
39,2365.39,1.02803,0.90831,0.88786,0.80058,0.88589,0.91731,0.63845,1.17112,1.26417,0.8902,0.00035382,0.00035382,0.00035382
40,2423.69,0.96621,0.89989,0.87018,0.75186,0.94909,0.9283,0.63625,1.18328,1.16097,0.89602,0.000325526,0.000325526,0.000325526
41,2481.95,1.04855,0.99204,0.89597,0.83239,0.81113,0.93027,0.65504,1.17401,1.21757,0.89282,0.000297232,0.000297232,0.000297232
42,2541.95,0.97631,0.95699,0.8686,0.77686,0.93309,0.93968,0.62575,1.23463,1.19126,0.9033,0.000268938,0.000268938,0.000268938
43,2617.22,0.95852,0.93182,0.87286,0.81313,0.87875,0.93279,0.62821,1.22569,1.26855,0.90199,0.000240644,0.000240644,0.000240644
44,2679.86,0.9391,0.89852,0.883,0.89456,0.81485,0.93644,0.66354,1.21087,1.24773,0.90067,0.000212349,0.000212349,0.000212349
45,2735.72,0.95532,0.88746,0.89115,0.87365,0.8997,0.94817,0.66533,1.18126,1.17946,0.89764,0.000184055,0.000184055,0.000184055
46,2796.43,0.96943,0.84805,0.88719,0.84645,0.89746,0.94478,0.6683,1.16282,1.15737,0.89587,0.000155761,0.000155761,0.000155761
47,2857.06,0.95638,0.88615,0.87997,0.89803,0.88199,0.94868,0.67307,1.16092,1.14747,0.89632,0.000127467,0.000127467,0.000127467
48,2922.94,0.92118,0.85494,0.87118,0.8989,0.85413,0.94682,0.66637,1.17466,1.16958,0.89916,9.91726e-05,9.91726e-05,9.91726e-05
49,2980.06,0.93672,0.8282,0.89541,0.85114,0.87943,0.94545,0.66918,1.17908,1.16998,0.89965,7.08784e-05,7.08784e-05,7.08784e-05
50,3037.36,0.93422,0.83471,0.87491,0.85815,0.8874,0.94756,0.66722,1.18321,1.15862,0.8994,4.25842e-05,4.25842e-05,4.25842e-05
